RUT,PATERNO,MATERNO,NOMBRES,genero,fecha_nacimiento
4002272-4,Sandoval,Parisi,Mateo,h,14-septiembre-1969
4968692-7,Vega,Ortega,Maite,f,27-marzo-1915
8301997-2,Mariani,Torres,Florencia,f,5-marzo-1919
4447758-0,Donoso,Vergara,Emilia,f,18-agosto-1975
11842655-K,Henriquez,Gutierrez,Isabella,f,22-febrero-1972
5932689-9,Donoso,Contreras,Maria,f,27-enero-1969
7566985-2,Silvestri,Leiva,Catalina,f,24-octubre-1927
7350770-7,Pizarro,Conte,Catalina,f,19-enero-1930
6218826-K,Santoro,Soto,Facundo,h,12-julio-1955
7740116-4,Poblete,Pellegrini,Isabella,f,16-noviembre-1952
15231581-3,Martinez,Jara,Juan,h,24-mayo-1952
13461416-1,Castillo,Sepulveda,Valentina,f,27-noviembre-1964
9224780-5,Nunez,Lopez,Renata,f,10-abril-1910
15644402-2,Romano,Cardenas,Matias,h,1-noviembre-1921
13960601-9,Guzman,Fuentes,Valentina,f,20-diciembre-1959
7840711-5,alvarez,Gomez,Leonor,f,31-ABRIL-1960
7503450-4,Conti,Rizzi,Alonso,h,23-octubre-1920
4411212-4,Mendoza,Vargas,Antonella,f,13-diciembre-2013
14632584-K,Castillo,Miranda,Catalina,f,2-agosto-1985
9905687-8,Gonzalez,Campos,Tomas,h,5-agosto-1910
5033335-3,Valentini,Carrasco,Leonor,f,4-marzo-1916
9293048-3,Navarro,Rizzo,Juan,h,20-enero-1954
9308460-8,Gomez,Salinas,Tomas,h,24-julio-1964
12923886-0,De Angelis,Fontana,Santiago,h,29-diciembre-2003
18785521-7,Galli,Vega,Alonso,h,12-enero-2005
5842546-K,Pellegrini,Herrera,Antonella,f,10-mayo-1961
5981344-7,Saez,Zuniga,Emilia,f,15-julio-1950
8686842-3,Saavedra,Caruso,Vicente,h,16-noviembre-2011
17781655-8,Vega,Marino,Vicente,h,29-mayo-1911
13844806-1,Ruiz,Longo,Maria,f,8-mayo-1986
5319235-1,Farias,Alarcon,Antonella,f,25-marzo-1962
11991136-2,Cattaneo,Ramirez,Jose,h,4-abril-1913
5605028-0,Cortes,Silvestri,Amanda,f,3-octubre-1939
12239440-9,Vargas,Martinelli,Florencia,f,22-agosto-1904
16804192-6,Gomez,Jara,Isabella,f,7-septiembre-1918
5984696-5,Ricci,Garcia,Leonor,f,21-octubre-2011
12259495-5,Longo,De Rosa,Valentina,f,26-julio-1911
12546616-8,Godoy,Guerrero,Maite,f,29-diciembre-1911
10409873-8,Medina,Bustamante,Maria,f,30-diciembre-1996
16037969-3,Guerrero,Vega,Trinidad,f,16-abril-1937
9115286-K,Molina,Ruiz,Leonor,f,23-octubre-1959
8824562-8,Yanez,Sandoval,Antonella,f,16-agosto-1949
8737786-5,Cardenas,Sartori,Mia,f,8-junio-1948
4838951-1,Marini,Flores,Lucas,h,18-mayo-2005
9765023-3,Silva,Fabbri,Benjamin,h,14-noviembre-1910
16401956-K,Martinez,Flores,Catalina,f,6-junio-1924
12177890-4,Greco,Colombo,Joaquin,h,7-diciembre-1999
11075823-5,Lagos,Sanhueza,Facundo,h,7-febrero-1969
6185640-4,Henriquez,Molina,Antonella,f,14-abril-1948
18941445-5,Monti,Araya,Emilia,f,6-diciembre-1957
18266033-7,Ferraro,Cardenas,Trinidad,f,14-enero-1967
4349317-5,Guzman,Pellegrino,Isabella,f,7-abril-1918
15540757-3,Venegas,alvarez,Emma,f,25-julio-1930
14120032-1,Messina,Torres,Josefa,f,23-abril-1981
15697152-9,Ferrari,Perez,Isidora,f,23-junio-1931
8572707-9,Fuentes,Godoy,Isidora,f,19-octubre-1912
11534468-4,Martini,Henriquez,Mateo,h,29-marzo-1937
5068539-K,Riquelme,Munoz,Isabella,f,6-abril-2000
4157320-1,Salazar,Silva,Julian,h,14-febrero-1932
14973359-0,Figueroa,Gomez,Julieta,f,29-marzo-1939
4909803-0,Rodriguez,Gonzalez,Julieta,f,29-octubre-1924
12020976-0,Escobar,Lagos,Florencia,f,24-noviembre-1954
5108532-9,Figueroa,alvarez,Joaquin,h,5-septiembre-1915
15122503-9,Herrera,Torres,Leonor,f,21-marzo-1933
9428399-K,Henriquez,Piras,Sofia,f,18-febrero-1910
12764238-9,Russo,Rodriguez,Julian,h,11-marzo-1973
7639906-9,Medina,Donoso,Trinidad,f,2-febrero-2011
11684123-1,Rivera,Diaz,Jose,h,30-junio-1973
14028272-3,Bellini,Navarro,Catalina,f,29-enero-2007
12522647-7,Amato,Vergara,Catalina,f,6-enero-1978
15598014-1,Gomez,Valdes,Isidora,f,4-julio-1993
17372695-3,Bustamante,Martinez,Catalina,f,10-mayo-1902
14995117-2,Sartori,Alvarado,Antonella,f,15-febrero-1924
8047577-2,Cardenas,Poblete,Sofia,f,10-febrero-1906
8765785-K,Jara,Santoro,Emilia,f,15-septiembre-1921
17427679-K,Coppola,Bravo,Maximiliano,h,24-junio-2008
6911403-2,Orellana,Lombardi,Maximo,h,4-abril-1924
6040090-3,Rinaldi,De Angelis,Renata,f,28-agosto-1949
11100300-9,Orellana,Vera,Jose,h,1-septiembre-1927
16125695-1,Gutierrez,Venegas,Renata,f,3-mayo-2010
18003407-2,Rizzo,Saez,Agustin,h,31-agosto-2010
14370415-7,Rossi,Valenzuela,Maite,f,9-febrero-2006
12806191-6,Vergara,Palumbo,Juan,h,26-agosto-1906
4779043-3,Carbone,Ortega,Josefa,f,22-mayo-1918
10491681-3,Palma,Ortiz,Agustina,f,31-octubre-2012
16153620-2,Sepulveda,Pena,Gaspar,h,23-diciembre-1983
16464673-4,Martino,Aguilera,Mia,f,23-marzo-1959
17291187-0,Gallardo,Orellana,Gabriel,h,31-octubre-2014
14915747-6,Molina,Rojas,Agustina,f,21-noviembre-1979
16521173-1,Miranda,Ferrari,Santiago,h,20-enero-1954
4179816-5,Zuniga,Sandoval,Renata,f,2-septiembre-1909
6605987-1,Ortiz,Cortes,Matias,h,13-abril-1919
16654339-8,Morelli,Pagano,Julieta,f,20-agosto-1939
15049702-7,Riva,Hernandez,Maria,f,27-mayo-1906
8306669-5,Guerrero,Garrido,Gaspar,h,24-febrero-1907
4305072-9,Rojas,Reyes,Catalina,f,19-noviembre-1944
17467888-K,Gallardo,Pino,Josefa,f,21-julio-1987
11623902-7,Carvajal,Bruno,Maite,f,3-diciembre-1907
11657149-8,Castillo,Moreno,Gabriel,h,18-agosto-1910
5474111-1,Castro,Romero,Antonella,f,12-febrero-1959
14555651-1,Pena,Sanna,Martin,h,24-enero-1910
17488869-8,Vera,Vega,Isabella,f,22-abril-1916
6304505-5,Valdes,Bianco,Sofia,f,4-agosto-1901
10552226-6,Aravena,Gallardo,Maria,f,11-mayo-1922
10155043-5,Sala,Perez,Benjamin,h,25-abril-1953
17366990-9,Barbieri,Campos,Gaspar,h,31-NOVIEMBRE-2012
11626071-9,Maldonado,Cattaneo,Martina,f,29-agosto-1950
13741421-K,Romero,Bravo,Vicente,h,1-abril-1966
14290538-8,Fiore,Coppola,Mia,f,26-mayo-1978
4115498-5,Bravo,Cortes,Lucas,h,29-junio-1962
17285158-4,Nunez,Fernandez,Maria,f,12-enero-2006
11415319-2,Nunez,Fuentes,Julieta,f,21-julio-1960
5557230-5,Miranda,Caceres,Sofia,f,5-agosto-1946
17291014-9,Perez,Aravena,Sofia,f,1-septiembre-1913
12801006-8,Hernandez,Castillo,Maximiliano,h,24-abril-1928
11004149-7,Dâ€™amico,Testa,Trinidad,f,16-marzo-1934
17631588-1,Miranda,Ferretti,Julieta,f,20-noviembre-1992
9524692-3,Mancini,Tapia,Maite,f,13-abril-1982
7357019-0,Araya,Martinez,Agustina,f,4-mayo-1905
6276461-9,Flores,Henriquez,Amanda,f,13-agosto-1923
17784764-K,Caruso,Rossi,Facundo,h,17-marzo-1922
18206473-4,Damico,Toro,Gaspar,h,14-enero-1932
10904292-7,Sanna,Moretti,Emma,f,6-enero-1967
15298582-7,Milani,Battaglia,Florencia,f,19-julio-1969
7851629-1,Bianchi,Castillo,Valentina,f,25-junio-1936
7721371-6,Martinelli,Navarro,Vicente,h,15-febrero-1996
5717917-1,Molina,Riquelme,Amanda,f,10-junio-1961
17130964-6,Salazar,Parra,Emma,f,5-agosto-1920
9319595-7,Alarcon,Poblete,Mateo,h,22-agosto-1926
13227751-6,Contreras,Cardenas,Gabriel,h,29-julio-1979
7786016-9,Vidal,Martini,Isabella,f,9-julio-1994
18055311-8,Fontana,Palma,Agustina,f,20-abril-1964
12474369-9,Soto,Parra,Valentina,f,18-diciembre-1955
8639012-4,Salinas,Pizarro,Amanda,f,4-noviembre-1959
5092566-8,Donati,Munoz,Mateo,h,21-junio-1999
10730952-7,Campos,Marchetti,Mia,f,9-septiembre-1970
15238481-5,Saavedra,Rivera,Catalina,f,23-abril-1965
15364506-K,Campos,Vasquez,Martina,f,1-enero-1940
14815219-5,Herrera,Ferrara,Emma,f,3-febrero-1963
14129251-K,Vazquez,Rivera,Amanda,f,20-octubre-1948
13013793-8,Villa,Rodriguez,Maite,f,30-agosto-1914
18148584-1,Zuniga,Vitali,Matias,h,21-noviembre-1974
7858885-3,Marchetti,Castro,Josefa,f,3-enero-1986
7707754-5,Figueroa,Bianchi,Maria,f,18-abril-1930
6884831-8,Contreras,Garcia,Maximiliano,h,29-octubre-2012
10480364-4,Araya,Vera,Matias,h,29-enero-1958
13880005-9,Serra,Sorrentino,Josefa,f,20-DISIEMBRE-2003
18751977-2,Grasso,Galli,Julian,h,26-junio-1903
6618973-2,Parisi,Basile,Florencia,f,18-julio-1997
7115259-6,Hernandez,Valenzuela,Trinidad,f,14-febrero-1956
18725498-1,Reyes,Carrasco,Facundo,h,11-diciembre-1973
4158493-9,Aguilera,Ortiz,Catalina,f,31-octubre-2004
13130748-9,Salinas,Lombardo,Maria,f,13-julio-1979
10338919-4,Moreno,Pino,Isidora,f,24-julio-2001
11846978-K,Vergara,Maldonado,Matias,h,23-noviembre-1937
12124852-2,Alarcon,Rojas,Sofia,f,17-septiembre-1995
6714596-8,Martinez,Godoy,Julieta,f,1-agosto-1901
15260109-3,Silva,San Martin,Jose,h,11-julio-1999
15450442-7,Diaz,Palma,Renata,f,27-diciembre-1999
18199949-7,Pizarro,Vazquez,Amanda,f,28-septiembre-1901
8632465-2,Fuentes,Olivares,Martina,f,15-septiembre-1906
17163383-4,Moreno,Medina,Maria,f,6-julio-1934
15775089-5,Fabbri,Figueroa,Tomas,h,18-abril-1908
16034445-8,Lombardi,Orellana,Agustin,h,2-octubre-1989
18426825-6,Carvajal,Guerra,Alonso,h,3-noviembre-1929
15093800-7,Olivares,Orellana,Maximo,h,17-octubre-1933
8204583-K,Munoz,Ferri,Gabriel,h,4-enero-1997
12879040-3,Ferri,Martinez,Antonella,f,24-noviembre-1997
5108194-3,Ferrara,Silva,Trinidad,f,3-noviembre-1961
9570417-4,Lombardo,Esposito,Mia,f,14-enero-1990
4679110-K,Toro,Giuliani,Martina,f,11-agosto-1955
16996592-7,Ramirez,Contreras,Joaquin,h,15-octubre-1949
17002592-K,Flores,Sandoval,Valentina,f,30-enero-1968
14027529-8,Saez,Montanari,Maximiliano,h,18-enero-2001
7925195-K,Gallardo,Zuniga,Julieta,f,17-septiembre-1935
9885158-5,Bustos,Aravena,Emilia,f,15-enero-1992
4618200-6,Sandoval,Araya,Renata,f,25-agosto-1971
11539398-7,Mendoza,Rossetti,Mateo,h,1-marzo-1947
15010887-K,Riquelme,Ruggiero,Lucas,h,2-enero-1923
18145472-5,Bernardi,Diaz,Trinidad,f,14-septiembre-2005
12662790-4,Bravo,Rinaldi,Antonella,f,8-julio-1920
16408364-0,Valenzuela,Nunez,Santiago,h,20-febrero-1956
11937797-8,Lopez,Dâ€™amico,Josefa,f,27-enero-1936
6079256-9,Rivera,Silva,Emilia,f,12-agosto-1981
12414515-5,Fernandez,Ramirez,Maite,f,25-julio-1989
4796634-5,Navarrete,Valenzuela,Maite,f,21-agosto-2015
4673416-5,Flores,Vasquez,Amanda,f,30-noviembre-1922
17927494-9,Fernandez,Salazar,Maite,f,11-febrero-1965
17835889-8,Morales,Henriquez,Martin,h,23-noviembre-1905
16679422-6,Tapia,Gomez,Emilia,f,23-septiembre-1929
6439251-4,Rodriguez,Messina,Martina,f,22-diciembre-1974
11710235-1,Toro,Negri,Martin,h,8-septiembre-1952
17422729-2,Godoy,Donati,Emma,f,13-septiembre-1992
15215252-3,Escobar,Gutierrez,Juan,h,13-diciembre-1994
13910494-3,Saavedra,Barbieri,Julieta,f,25-mayo-1938
4887950-0,Ruggiero,Conti,Maria,f,4-abril-1936
15435396-8,Lopez,Molina,Amanda,f,21-octubre-1996
7598790-0,Conte,Nunez,Lucas,h,1-mayo-1951
11804167-4,Montanari,Contreras,Juan,h,8-junio-2009
13484381-0,Tapia,Saavedra,Mia,f,31-marzo-2013
18631521-9,Bianco,Campos,Florencia,f,23-diciembre-1980
16932361-5,Vasquez,Miranda,Florencia,f,1-agosto-1928
6996977-1,De Rosa,Fiore,Maximo,h,23-junio-2011
18768964-3,Giordano,Monti,Emilia,f,28-octubre-1920
8205521-5,Gonzalez,Sanchez,Amanda,f,5-marzo-1917
9522954-9,San Martin,Carvajal,Florencia,f,19-marzo-1996
16271090-7,Caceres,Hernandez,Juan,h,11-abril-1978
12210808-2,Ruiz,Garrido,Isabella,f,4-septiembre-1951
6160283-6,Gallo,Reyes,Valentina,f,24-junio-1997
5120488-3,Cortes,Sepulveda,Leonor,f,4-febrero-1962
14386139-2,Campos,Castro,Santiago,h,16-marzo-2005
18943896-6,Rojas,Vargas,Joaquin,h,19-marzo-1962
18643110-3,Pagano,Maldonado,Martina,f,10-agosto-1942
14635349-5,Costa,Vidal,Agustina,f,25-noviembre-1909
4483840-0,Munoz,Caputo,Martin,h,2-noviembre-2010
18386430-0,Rodriguez,Saez,Gaspar,h,13-mayo-1946
14362514-1,Alarcon,Fernandez,Martina,f,22-marzo-1941
7862388-8,Jara,Garcia,Isabella,f,22-agosto-1918
13137058-K,Parra,Herrera,Amanda,f,11-abril-1952
18498644-2,Navarro,alvarez,Luciano,h,29-abril-1995
4578505-K,Ortiz,Jara,Catalina,f,25-mayo-1991
12868836-6,Castro,Cortes,Mia,f,9-junio-1908
7928915-9,Moretti,Rodriguez,Leonor,f,20-julio-1991
5806242-1,Navarro,Araya,Emma,f,19-mayo-1969
13925686-7,Morales,Gallardo,Benjamin,h,15-diciembre-1938
5597297-4,Olivares,Farias,Gabriel,h,18-septiembre-2004
9414555-4,Pena,Venegas,Maite,f,3-febrero-1977
6994184-2,Carrasco,Grasso,Emilia,f,19-febrero-1953
4253318-1,Vitale,Morales,Tomas,h,10-diciembre-1911
18534949-7,Gentile,Costantini,Agustina,f,20-noviembre-1989
13293098-8,Garrido,Mendoza,Renata,f,21-diciembre-1906
13209814-K,Farias,Aguilera,Luciano,h,31-mayo-1953
6942491-0,Sanhueza,Bravo,Agustina,f,30-junio-1929
7629872-6,Battaglia,Navarro,Joaquin,h,7-septiembre-1987
16809185-0,Pizarro,Morelli,Agustina,f,8-DICIEMVRE-1959
6208213-5,Ferretti,Giordano,Alonso,h,30-FEBRERO-1980
15904255-3,Leiva,Carbone,Antonella,f,10-septiembre-1957
9010334-2,Alvarado,Pena,Renata,f,23-enero-1992
17800842-0,Sanchez,Tapia,Isabella,f,20-agosto-2007
9587077-5,Navarrete,Guerrero,Jose,h,28-enero-2000
12943851-7,Espinoza,Leiva,Mia,f,30-mayo-1965
6789557-6,Sandoval,Saavedra,Maria,f,17-julio-1991
11994143-1,Guzman,Soto,Valentina,f,25-julio-1928
8051898-6,Ortega,Morales,Mia,f,7-junio-1976
7149196-K,Torres,Lopez,Maximiliano,h,24-julio-1937
13130218-5,Piras,Valentini,Leonor,f,18-septiembre-2012
17181853-2,Fuentes,Romero,Gaspar,h,5-mayo-1931
10744976-0,Rojas,Reyes,Isidora,f,25-abril-1927
14986368-0,Yanez,Castillo,Luciano,h,17-septiembre-1946
4654920-1,Negri,Carvajal,Vicente,h,19-octubre-1966
10976980-0,Garcia,Leone,Matias,h,10-abril-1988
11487129-K,Bustamante,Gutierrez,Martina,f,16-septiembre-1957
7940222-2,Herrera,Milani,Martina,f,20-febrero-1969
11367762-7,Poblete,De Santis,Leonor,f,29-julio-1921
16550717-7,Palumbo,Sanhueza,Emma,f,23-julio-1918
16613094-8,Soto,Espinoza,Emilia,f,10-enero-1946
12268064-9,Ramirez,Yanez,Isidora,f,19-agosto-1956
16120453-6,Vera,Palmieri,Isabella,f,31-mayo-1911
10198425-7,Leiva,Ruiz,Valentina,f,3-febrero-2011
4189910-7,Espinoza,Farina,Josefa,f,26-agosto-1974
10899524-6,Caputo,Barone,Santiago,h,29-agosto-1975
7861781-0,Venegas,Mariani,Martina,f,15-noviembre-1956
15080533-3,Guerra,Vazquez,Gabriel,h,23-julio-1902
6962731-5,Tapia,Hernandez,Catalina,f,19-agosto-2003
12530944-5,Gatti,Bustos,Vicente,h,11-julio-1957
8597867-5,Castro,Serra,Emma,f,8-octubre-2001
18966157-6,Olivares,Nunez,Maximo,h,3-abril-1949
10333181-1,Cardenas,Rivera,Lucas,h,5-enero-1908
14231621-8,Colombo,Vera,Emma,f,26-febrero-1914
9247295-7,Bruno,Rojas,Emma,f,2-marzo-1901
11879601-2,Farina,Lagos,Luciano,h,9-diciembre-1978
5134952-0,Salazar,Alvarado,Martina,f,7-abril-1974
16907832-7,Hernandez,Espinoza,Florencia,f,26-octubre-1942
6053096-3,Perez,Martino,Isidora,f,9-octubre-1998
18088396-7,Pellegrino,Molina,Josefa,f,28-enero-1953
10712387-3,Ortiz,Munoz,Agustina,f,14-abril-1949
7437165-5,Gutierrez,Fernandez,Agustina,f,19-agosto-1964
6826383-2,Vargas,Castro,Julian,h,2-agosto-1993
11182612-9,Garcia,Riva,Mia,f,12-agosto-1958
5035463-6,Maldonado,Gallo,Leonor,f,5-febrero-1940
11769461-5,Vazquez,Gonzalez,Martina,f,13-junio-2009
4655296-2,De Santis,Russo,Luciano,h,11-diciembre-1944
10300159-5,Pino,Bustamante,Isabella,f,7-noviembre-2003
11055578-4,Riquelme,Riquelme,Sofia,f,21-septiembre-1902
7807545-7,Giuliani,Benedetti,Isidora,f,9-junio-1972
16133682-3,Reyes,Ricci,Trinidad,f,9-septiembre-1976
18550760-2,Ortega,Figueroa,Luciano,h,29-junio-1994
16300504-2,Vega,Caceres,Isidora,f,15-abril-1908
17665892-4,Carrasco,Mendoza,Renata,f,14-mayo-1957
17663702-1,De Luca,Moreno,Amanda,f,14-mayo-1923
9476342-8,Romero,Ferraro,Renata,f,19-diciembre-1927
12360852-6,Orlando,Fuentes,Agustin,h,20-octubre-1928
17162771-0,Soto,Donoso,Sofia,f,18-septiembre-2005
8390089-K,Cortes,Yanez,Leonor,f,26-junio-2012
18684212-K,Reyes,Espinoza,Maximiliano,h,22-octubre-1941
7181365-7,Palma,Olivares,Agustin,h,24-octubre-1940
5916912-2,Pino,Flores,Martin,h,22-noviembre-1924
11159615-8,Basile,Romano,Valentina,f,26-julio-1970
4073970-K,Rivera,Gallardo,Maria,f,18-octubre-1941
15279377-4,Neri,Miranda,Florencia,f,12-marzo-1971
10928442-4,Sorrentino,Costa,Benjamin,h,14-julio-1903
5249193-2,Torres,Riquelme,Julian,h,23-febrero-1923
10216961-1,Parra,Gentile,Maite,f,13-abril-1967
13369181-2,Munoz,Garrido,Isidora,f,15-enero-1935
7131866-4,Contreras,Salazar,Renata,f,24-septiembre-1936
7295310-K,Rizzi,Sanchez,Isidora,f,7-junio-1924
7083119-8,alvarez,Sala,Emilia,f,26-enero-2013
18040459-7,Sanchez,Medina,Antonella,f,24-octubre-1930
4212525-3,Espinoza,Vasquez,Tomas,h,31-julio-1953
10411007-K,Araya,De Luca,Josefa,f,16-noviembre-1908
7605411-8,Garrido,Pizarro,Joaquin,h,3-enero-1942
13787809-7,Costantini,Soto,Florencia,f,9-marzo-2002
16365324-9,Vergara,Morales,Alonso,h,26-noviembre-2009
13395797-9,Grassi,Salinas,Julieta,f,14-marzo-1910
4923285-3,Vitali,Bellini,Emma,f,7-enero-1917
9886340-0,Testa,Marini,Julieta,f,4-junio-1945
8668541-8,Barone,Damico,Mateo,h,7-agosto-2012
12965753-7,Garrido,Bustos,Trinidad,f,15-diciembre-2002
7202886-4,Sanchez,San Martin,Julieta,f,28-junio-1912
4564839-7,Leone,Neri,Valentina,f,17-enero-1973
18566471-6,Vera,Ortiz,Julieta,f,24-agosto-1957
10656304-7,Silva,Amato,Mia,f,18-febrero-1988
14699827-5,Orellana,Salazar,Julian,h,16-noviembre-2000
7288901-0,Aravena,Alarcon,Sofia,f,15-diciembre-1927
7072091-4,Ramirez,Saavedra,Sofia,f,12-febrero-2013
6707530-7,Caceres,Escobar,Jose,h,18-mayo-1981
18595330-0,Sanhueza,Grassi,Josefa,f,5-octubre-1904
8005958-2,Rossetti,Toro,Maite,f,16-octubre-1986
16721525-4,Vasquez,Perez,Florencia,f,17-noviembre-1924
5454423-5,Vasquez,Herrera,Maximo,h,9-agosto-1974
4647220-9,San Martin,Guzman,Agustin,h,10-enero-2012
9349750-3,Sepulveda,Ramirez,Alonso,h,20-abril-1972
15738875-4,Gonzalez,Villa,Agustina,f,7-abril-1982
18350357-K,Palmieri,Olivares,Sofia,f,5-agosto-1989
11327952-4,Diaz,Farias,Valentina,f,14-junio-1966
13240933-1,Lopez,Gatti,Lucas,h,30-mayo-2004
6626016-K,Valdes,Greco,Sofia,f,18-febrero-2004
5625609-1,Bravo,Vitale,Mia,f,21-mayo-1978
16036828-4,Fernandez,Diaz,Facundo,h,5-junio-1928
6279158-6,Lagos,Valdes,Josefa,f,21-junio-1984
7358922-3,Gutierrez,Orlando,Leonor,f,16-agosto-1907
4863697-7,Bustos,Pizarro,Martin,h,22-enero-1933
17099014-5,Valenzuela,Mazza,Trinidad,f,8-junio-1992
15951119-7,Aguilera,Tapia,Josefa,f,5-abril-1954
10312115-9,Esposito,Sanchez,Agustina,f,15-septiembre-1925
5742150-9,Marino,Vergara,Isidora,f,3-julio-1903
13696617-0,Perez,Vidal,Emma,f,11-septiembre-1954
15120023-0,Mazza,Guzman,Trinidad,f,26-octubre-1936
18664333-K,Diaz,Gonzalez,Maximo,h,11-febrero-2005
6925949-9,alvarez,Carrasco,Benjamin,h,28-enero-1918
10368968-6,Torres,Bernardi,Emilia,f,3-enero-1965
11192032-K,Sepulveda,Navarrete,Trinidad,f,1-julio-1950
9485150-5,Morales,Lopez,Benjamin,h,1-febrero-1977
5263234-K,Alvarado,Navarrete,Amanda,f,2-julio-2001
10245164-3,Garcia,Guzman,Facundo,h,4-junio-1994
13249325-1,Valenzuela,Figueroa,Agustin,h,30-enero-1910
7129805-1,Carrasco,Sepulveda,Renata,f,1-junio-1939
9778356-K,Jara,Mancini,Tomas,h,19-marzo-1981
5822035-3,Vidal,Alarcon,Antonella,f,31-diciembre-2012
17217099-4,Benedetti,Escobar,Santiago,h,31-enero-1943
9623480-5,Aguilera,Aguilera,Emma,f,13-diciembre-1928
14271234-2,Parra,Alvarado,Trinidad,f,16-agosto-1909
12522641-8,Romero,Aravena,Maximo,h,29-agosto-1964
7070259-2,Aravena,Bustamante,Benjamin,h,31-FEBRERO-1959
11946953-8,Vargas,Bustos,Emilia,f,14-diciembre-1935
7668053-1,Vazquez,Caceres,Trinidad,f,13-febrero-1990
7279827-9,Caceres,Carvajal,Benjamin,h,29-junio-1904
10145168-2,Yanez,Donoso,Amanda,f,23-diciembre-1997
9274328-4,Leiva,Escobar,Facundo,h,30-noviembre-1996
14105998-K,Escobar,Farias,Agustin,h,28-agosto-2006
16023307-9,Ruiz,Godoy,Renata,f,4-junio-1987
14659383-6,Valdes,Guerrero,Tomas,h,15-octubre-1952
18560323-7,Vidal,Lagos,Antonella,f,4-agosto-1961
13244067-0,Salinas,Leiva,Santiago,h,1-NOBIEMBRE-1935
15560310-0,Zuniga,Maldonado,Emma,f,5-febrero-1902
10034440-8,Pena,Medina,Trinidad,f,23-diciembre-1938
17181453-7,Godoy,Mendoza,Maximo,h,27-marzo-1914
6339713-K,Lagos,Moreno,Benjamin,h,15-abril-1926
15748477-K,Maldonado,Navarrete,Emilia,f,17-julio-1948
15360482-7,Bustos,Ortega,Trinidad,f,31-JUNIO-1956
18924768-0,Medina,Palma,Benjamin,h,16-diciembre-1948
5677676-1,Pino,Parra,Amanda,f,8-marzo-1939
9682128-K,Palma,Pena,Facundo,h,18-marzo-1963
5045180-1,Moreno,Pino,Agustin,h,5-noviembre-1974
5221978-7,Sanhueza,Poblete,Renata,f,20-noviembre-2004
4166824-5,Carvajal,Romero,Tomas,h,6-julio-1911
12801554-K,Navarrete,Ruiz,Antonella,f,29-enero-1932
5999059-4,Saez,Saez,Santiago,h,6-junio-1986
16007229-6,Alvarado,Salinas,Emma,f,28-octubre-1951
15033344-K,Donoso,San Martin,Trinidad,f,8-mayo-1939
9953532-6,Poblete,Sanhueza,Maximo,h,3-junio-1987
5613828-5,Bustamante,Toro,Benjamin,h,13-octubre-1901
7636238-6,Toro,Valdes,Emilia,f,16-diciembre-1912
17558956-2,Ortega,Vargas,Trinidad,f,22-septiembre-1940
17435973-3,Venegas,Vazquez,Benjamin,h,11-abril-1922
14662453-7,Guerrero,Venegas,Amanda,f,1-junio-1975
18294360-6,Mendoza,Vidal,Facundo,h,8-agosto-1946
9637746-0,Farias,Yanez,Agustin,h,14-enero-1977
11670549-4,San Martin,Zuniga,Renata,f,28-marzo-1915
